Code zone (FAO),Zone,dispo_calorique_totale_kcal_personne_jour,dispo_gras_g_personne_jour,dispo_proteique_totale_g_personne_jour,dispo_interieure_ktonnes,exportations_ktonnes,importations_ktonnes,pertes_ktonnes,production_ktonnes,variation_stock_ktonnes,population,nb_sousalimentes,dispo_calorique_totale_pays_kcal_jour,taux_sousnutrition_pct,taux_couverture_kcal_pct,taux_couverture_prot_pct,taux_autosuffisance_pct,taux_dependance_import_pct,taux_pertes_pct,pop_nourrissable_theorique
1,Arménie,3129.27,108.96,103.16,4079.0,329.0,1502.0,186.0,2995.0,1.0,2943390.0,73584.75,9210662025.3,2.5,125.1708,166.38709677419354,73.42485903407699,36.82275067418485,4.559941162049522,3684264.8101199996
2,Afghanistan,2314.64,43.32,62.550000000000004,19907.0,1622.0,7124.0,1389.0,14483.0,1.0,41454760.0,12400000.0,95952845686.4,29.912125893383536,92.58559999999999,100.88709677419357,72.75330285829106,35.78640679158085,6.977445119807103,38381138.27456
3,Albanie,3237.8,115.37,113.94,5127.0,264.0,1257.0,341.0,4228.0,1.0,2811660.0,200000.0,9103592748.0,7.113235597476224,129.512,183.77419354838707,82.46537936415056,24.51726155646577,6.651062999804955,3641437.0992
4,Algérie,3395.98,101.78,93.58,52545.0,477.0,20431.0,3914.0,31110.0,-22.0,46164220.0,1154105.5,156772767835.6,2.5,135.8392,150.93548387096774,59.20639451898373,38.88286230849748,7.4488533637834236,62709107.13424
7,Angola,2399.32,49.56,47.45,35111.0,66.0,2660.0,2879.0,31844.0,2.0,36749910.0,6800000.0,88174794061.20001,18.503446675107504,95.9728,76.53225806451613,90.6952237190624,7.57597334168779,8.199709492751559,35269917.62448
8,Antigua-et-Barbuda,2544.25,104.67,98.1,113.0,0.0,102.0,0.0,17.0,0.0,93320.0,,237429410.0,,101.77000000000001,158.2258064516129,15.04424778761062,90.2654867256637,0.0,94971.764
9,Argentine,3360.45,136.76,121.53999999999999,126866.0,47803.0,12112.0,3449.0,160239.0,17.0,45538400.0,1400000.0,153029516280.0,3.074328478822269,134.418,196.03225806451613,126.30570838522534,9.547081172260494,2.718616492992606,61211806.512
10,Australie,3561.94,159.06,125.0,81562.0,62026.0,10503.0,2984.0,139242.0,69.0,26451120.0,661278.0,94217302372.8,2.5,142.4776,201.61290322580646,170.7192074740688,12.877320320737597,3.658566489296486,37686920.94912
11,Autriche,3755.9300000000003,186.88,108.47,22500.0,8757.0,13466.0,639.0,17899.0,19.0,9130430.0,228260.75,34293255949.9,2.5,150.2372,174.9516129032258,79.55111111111111,59.84888888888889,2.8400000000000003,13717302.37996
12,Bahamas,2672.37,117.39,104.77,631.0,9.0,447.0,9.0,200.0,0.0,399440.0,,1067451472.8,,106.8948,168.98387096774192,31.695721077654515,70.83993660855784,1.4263074484944533,426980.58911999996
13,Bahreïn,3422.84,135.22,99.78,1571.0,329.0,1721.0,30.0,119.0,-23.0,1569670.0,,5372729262.8,,136.9136,160.93548387096774,7.574793125397836,109.54805856142585,1.9096117122851686,2149091.70512
14,Barbade,3118.0,102.37,108.64,494.0,55.0,368.0,6.0,187.0,0.0,282340.0,100000.0,880336120.0,35.41829000495856,124.72000000000001,175.2258064516129,37.85425101214575,74.49392712550608,1.214574898785425,352134.448
16,Bangladesh,2587.63,42.74,67.97999999999999,138964.0,446.0,23116.0,6175.0,117409.0,80.0,171466990.0,14900000.0,443693127333.7,8.689719228173306,103.5052,109.64516129032256,84.4887884631991,16.634524049394088,4.443596902794968,177477250.93348
18,Bhoutan,3106.71,80.56,71.74,637.0,63.0,379.0,29.0,339.0,0.0,786380.0,,2443054609.8,,124.26840000000001,115.70967741935483,53.218210361067506,59.49764521193093,4.552590266875981,977221.8439200001
19,Bolivie (État plurinational de),2373.68,57.17,80.81,25047.0,1806.0,667.0,1098.0,25935.0,0.0,12244160.0,2300000.0,29063717708.8,18.784465410448735,94.9472,130.33870967741936,103.54533477063121,2.6629935720844813,4.383758533956163,11625487.083519999
20,Botswana,2713.91,65.14,73.02,2415.0,240.0,2060.0,58.0,676.0,-1.0,2480240.0,400000.0,6731148138.4,16.12747153501274,108.5564,117.7741935483871,27.991718426501034,85.30020703933747,2.401656314699793,2692459.25536
21,Brésil,3423.4,141.32999999999998,106.52,1152070.0,226030.0,19420.0,116632.0,1361523.0,39.0,211140730.0,5600000.0,722819175082.0,2.652259466944156,136.936,171.80645161290323,118.18057930507695,1.6856614615431353,10.1236904007569,289127670.0328
23,Belize,2831.81,99.47,88.65,2133.0,311.0,174.0,97.0,2267.0,1.0,411110.0,100000.0,1164185409.1,24.324390065919097,113.2724,142.98387096774195,106.2822315986873,8.157524613220815,4.547585560243788,465674.16364
25,Îles Salomon,2165.63,53.24,54.45,757.0,120.0,140.0,23.0,725.0,0.0,800010.0,200000.0,1732525656.3000002,24.999687503906202,86.6252,87.8225806451613,95.77278731836195,18.494055482166445,3.038309114927345,693010.2625200001
27,Bulgarie,2999.58,139.67,86.48,11624.0,11936.0,5075.0,608.0,16172.0,11.0,6795800.0,169895.0,20384545764.0,2.5,119.9832,139.48387096774195,139.12594631796284,43.65966964900206,5.230557467309016,8153818.3056
28,Myanmar,2809.02,58.75,78.39999999999999,57357.0,7275.0,1848.0,3823.0,64051.0,-1.0,54133800.0,2600000.0,152062926876.0,4.80291426059135,112.3608,126.4516129032258,111.67076381261222,3.2219258329410536,6.6652718935788124,60825170.7504
32,Cameroun,2900.95,60.5,71.31,34421.0,681.0,3001.0,4602.0,32787.0,1.0,28372690.0,1500000.0,82307755055.5,5.286774006976427,116.038,115.01612903225806,95.25289794021093,8.718514860114466,13.369745213677698,32923102.0222
33,Canada,3590.03,163.06,112.89999999999999,89952.0,73413.0,33672.0,3261.0,127588.0,52.0,39299100.0,982477.5,141084947973.0,2.5,143.6012,182.09677419354838,141.84009249377445,37.4332977588047,3.6252668089647813,56433979.1892
35,Cabo Verde,2793.6099999999997,84.3,82.67999999999999,434.0,21.0,356.0,6.0,111.0,-7.0,522330.00000000006,100000.0,1459186311.3,19.144984971186794,111.74439999999998,133.3548387096774,25.57603686635945,82.02764976958525,1.3824884792626728,583674.52452
38,Sri Lanka,2675.12,39.6,67.55,17084.0,1092.0,4002.0,805.0,13954.0,-24.0,22971620.0,1500000.0,61451840094.399994,6.529796331299228,107.00479999999999,108.9516129032258,81.67876375556075,23.425427300398034,4.712011238585811,24580736.037759997
40,Chili,3057.5099999999998,94.59,105.1,25724.0,8869.0,9839.0,1116.0,24521.0,0.0,19658830.0,491470.75,60107069313.299995,2.5,122.3004,169.51612903225805,95.32343336961591,38.248328409267614,4.338361063598197,24042827.725319996
41,"Chine, continentale",3526.85,100.38,131.59,2523570.0,45707.0,308692.0,126085.0,2267110.0,-91.0,1422584930.0,35564623.25,5017243660370.5,2.5,141.07399999999998,212.24193548387098,89.83741287144798,12.232353372404967,4.996294931386885,2006897464.1482
44,Colombie,3126.33,103.62,83.17,94600.0,4808.0,13179.0,4462.0,85807.0,40.0,52321150.0,2200000.0,163573180879.5,4.204800544330543,125.0532,134.1451612903226,90.70507399577167,13.931289640591965,4.716701902748414,65429272.3518
45,Comores,2390.15,58.87,63.03,688.0,9.0,299.0,24.0,392.0,0.0,850390.0,100000.0,2032559658.5,11.759310434036149,95.60600000000001,101.66129032258064,56.97674418604651,43.4593023255814,3.488372093023256,813023.8634
46,Congo,2187.12,54.67,58.87,4755.0,23.0,1170.0,300.0,3636.0,0.0,6182890.0,1600000.0,13522722376.8,25.877866175849807,87.48479999999999,94.95161290322581,76.46687697160883,24.605678233438486,6.309148264984227,5409088.95072
48,Costa Rica,3061.13,107.78999999999999,91.84,12379.0,7192.0,4725.0,1022.0,14600.0,0.0,5105530.0,127638.25,15628691048.9,2.5,122.44520000000001,148.12903225806454,117.9416754180467,38.16948057193634,8.255917279263269,6251476.41956
50,Chypre,2876.47,109.38,98.72,1795.0,582.0,1416.0,63.0,876.0,1.0,1344980.0,33624.5,3868794620.6,2.5,115.05879999999999,159.2258064516129,48.80222841225626,78.8857938718663,3.50974930362117,1547517.84824
52,Azerbaïdjan,3339.19,94.85,101.97,14142.0,980.0,3253.0,334.0,11746.0,24.0,10318210.0,257955.25,34454463649.9,2.5,133.5676,164.46774193548387,83.05755904398247,23.00240418611229,2.361759298543346,13781785.45996
54,Danemark,3733.88,150.76,126.35,27154.0,12015.0,12996.0,606.0,25600.0,239.0,5948140.0,148703.5,22209640983.2,2.5,149.3552,203.79032258064512,94.27708624880312,47.86035206599396,2.2317154010458866,8883856.39328
56,République dominicaine,3313.44,116.05000000000001,90.05,21307.0,1458.0,4924.0,1168.0,17927.0,0.0,11331270.0,300000.0,37545483268.8,2.6475408316984765,132.5376,145.24193548387098,84.13666870042708,23.109776129910358,5.481766555592059,15018193.307520002
57,Bélarus,3396.23,125.32,127.94,31773.0,1767.0,1349.0,743.0,32171.0,27.0,9115680.0,227892.0,30958945886.4,2.5,135.8492,206.3548387096774,101.252635885815,4.245743241116672,2.3384634752777513,12383578.35456
58,Équateur,2620.94,104.3,69.58,23778.0,9385.0,3218.0,616.0,29917.0,-8.0,17980080.0,2100000.0,47124710875.200005,11.679592081903973,104.8376,112.22580645161291,125.81798300950457,13.533518378332912,2.5906299941122044,18849884.350080002
59,Égypte,3093.9700000000003,54.48,89.72,129899.0,9262.0,26148.0,10016.0,111449.0,-7.0,114535770.0,9800000.0,354370236306.9,8.556278968570256,123.75880000000001,144.70967741935482,85.7966574030593,20.129485215436606,7.71060593230125,141748094.52276
60,El Salvador,2896.32,75.71,88.85,13984.0,1615.0,4632.0,270.0,10917.0,0.0,6309620.0,400000.0,18274678598.4,6.339525993641455,115.8528,143.3064516129032,78.06779176201373,33.12356979405035,1.9307780320366132,7309871.43936
63,Estonie,3286.52,135.54,112.13,2337.0,2095.0,1508.0,26.0,2865.0,6.0,1367200.0,34180.0,4493330144.0,2.5,131.4608,180.8548387096774,122.59306803594352,64.52717158750535,1.1125374411638853,1797332.0576
66,Fidji,2938.02,94.44,87.01,2710.0,293.0,570.0,104.0,2420.0,0.0,924150.0,100000.0,2715171183.0,10.820754206568198,117.52080000000001,140.33870967741936,89.2988929889299,21.033210332103323,3.837638376383764,1086068.4732
67,Finlande,3345.61,123.77,126.11999999999999,10381.0,1393.0,3603.0,219.0,7971.0,22.0,5601190.0,140029.75,18739397275.9,2.5,133.8244,203.41935483870967,76.78451016279742,34.70763895578461,2.109623350351604,7495758.910360001
68,France,3489.55,149.10999999999999,115.99000000000001,158939.0,59387.0,46367.0,6247.0,178743.0,195.0,66438820.00000001,1660970.5000000002,231841584331.00003,2.5,139.582,187.08064516129033,112.46012621194295,29.172827311106776,3.930438721773762,92736633.73240001
70,Polynésie française,3044.81,124.55,110.74,376.0,8.0,243.0,7.0,150.0,3.0,281120.0,100000.0,855956987.1999999,35.571997723392144,121.7924,178.61290322580646,39.8936170212766,64.62765957446808,1.8617021276595744,342382.79487999994
72,Djibouti,2720.96,67.33,74.84,2095.0,962.0,3270.0,6.0,83.0,0.0,1152940.0,200000.0,3137103622.4,17.3469564764862,108.83840000000001,120.70967741935486,3.9618138424821003,156.08591885441527,0.2863961813842482,1254841.44896
73,Géorgie,2999.82,91.8,90.22,4145.0,623.0,2144.0,65.0,2691.0,2.0,3807490.0,100000.0,11421784651.800001,2.6264021704587535,119.99280000000002,145.51612903225805,64.92159227985525,51.72496984318457,1.5681544028950543,4568713.86072
74,Gabon,2686.4900000000002,64.19,84.77,3194.0,105.0,796.0,329.0,2516.0,0.0,2484790.0,500000.0,6675363487.1,20.122424832682036,107.45960000000001,136.7258064516129,78.77269881026926,24.921728240450847,10.300563556668754,2670145.39484
75,Gambie,2402.2799999999997,45.94,58.09,1785.0,65.0,1404.0,25.0,475.0,2.0,2697850.0,500000.0,6480991097.999999,18.533276497952073,96.09119999999999,93.69354838709678,26.610644257703083,78.65546218487395,1.400560224089636,2592396.4391999994
79,Allemagne,3534.51,162.3,109.2,194988.0,62143.0,95756.0,5007.0,162318.0,115.0,84548230.0,2113705.75,298836564417.30005,2.5,141.3804,176.1290322580645,83.24512277678626,49.10866309721624,2.567850329251031,119534625.76692002
80,Bosnie-Herzégovine,3457.7799999999997,96.66,113.64,5817.0,481.0,2453.0,274.0,3837.0,0.0,3185070.0,79626.75,11013271344.599998,2.5,138.31119999999999,183.29032258064518,65.96183599793707,42.16950318033351,4.71033178614406,4405308.537839999
81,Ghana,3124.98,48.69,67.91,61927.0,2578.0,4694.0,12555.0,60164.0,6.0,33787910.0,2200000.0,105586542991.8,6.51120474749696,124.9992,109.53225806451611,97.15309961729133,7.579892454018442,20.273870847933857,42234617.196720004
83,Kiribati,3125.68,130.5,83.4,321.0,158.0,42.0,14.0,443.0,0.0,132530.0,100000.0,414246370.4,75.45461404964914,125.02719999999998,134.51612903225808,138.00623052959503,13.084112149532709,4.361370716510903,165698.54815999998
84,Grèce,3381.65,156.14,112.03,19266.0,8155.0,9924.0,982.0,17345.0,38.0,10242910.0,256072.75,34637936601.5,2.5,135.266,180.69354838709677,90.02906674971453,51.51043288695111,5.097062182082425,13855174.6406
86,Grenade,2826.84,115.26,98.39,140.0,13.0,126.0,5.0,52.0,1.0,117080.0,,330966427.2,,113.0736,158.69354838709677,37.142857142857146,90.0,3.571428571428571,132386.57087999998
89,Guatemala,2823.18,76.95,74.38,45951.0,8573.0,6103.0,1561.0,48903.0,9.0,18124840.0,2400000.0,51169685791.2,13.241496200794048,112.92719999999998,119.96774193548387,106.42423451067442,13.281539030706622,3.397096907575461,20467874.31648
90,Guinée,2947.56,65.91,58.19,17735.0,172.0,2715.0,2037.0,15705.0,0.0,14405470.0,1300000.0,42460987153.2,9.024349778243959,117.9024,93.85483870967741,88.55370735833098,15.308711587256838,11.485762616295462,16984394.861279998
91,Guyana,3318.02,76.97,114.18,2749.0,711.0,484.0,177.0,3024.0,5.0,826350.0,20658.75,2741845827.0,2.5,132.7208,184.16129032258067,110.00363768643142,17.606402328119316,6.438704983630411,1096738.3308
93,Haïti,1958.81,36.99,46.0,6890.0,8.0,2092.0,498.0,4777.0,0.0,11637400.0,6100000.0,22795455494.0,52.41720659253786,78.3524,74.19354838709677,69.33236574746009,30.362844702467346,7.227866473149493,9118182.1976
95,Honduras,2628.17,86.75,63.03,14549.0,2816.0,3709.0,417.0,13640.0,13.0,10644850.0,1600000.0,27976475424.5,15.030742565653815,105.1268,101.66129032258064,93.75214791394598,25.493161041996014,2.866176369509932,11190590.1698
96,Chine - RAS de Hong-Kong,2827.77,108.74000000000001,118.33,7128.0,1907.0,8520.0,163.0,467.0,-32.0,7442730.0,,21046328612.1,,113.1108,190.8548387096774,6.551627384960717,119.52861952861953,2.28675645342312,8418531.44484
97,Hongrie,3549.09,152.64,93.65,21242.0,12220.0,7281.0,294.0,27934.0,66.0,9686460.0,242161.5,34378118321.4,2.5,141.9636,151.0483870967742,131.50362489407777,34.27643348083985,1.38405046605781,13751247.32856
98,Croatie,3447.57,139.72,115.3,7709.0,3755.0,4572.0,253.0,7007.0,26.0,3896020.0,97400.5,13431801671.400002,2.5,137.9028,185.96774193548387,90.89376053962901,59.30730315215982,3.2818783240368403,5372720.668560001
99,Islande,3681.06,163.26999999999998,151.71,691.0,1030.0,450.0,1.0,1261.0,-27.0,387560.0,9689.0,1426631613.6,2.5,147.2424,244.6935483870968,182.48914616497828,65.12301013024602,0.1447178002894356,570652.64544
100,Inde,2668.4900000000002,65.7,74.56,1606728.0,56121.0,29458.0,79044.0,1661556.0,5010.0,1438069600.0,165100000.0,3837474346904.0005,11.48066825138366,106.7396,120.25806451612904,103.41240085440721,1.833415487873492,4.919563236590138,1534989738.7616003
101,Indonésie,2900.32,80.36,77.82,515105.0,44334.0,38713.0,34177.0,520513.0,19.0,281190070.0,18200000.0,815541183822.4,6.472490298110456,116.0128,125.51612903225806,101.04988303355627,7.515555081002902,6.634957921200532,326216473.52896
102,Iran (République islamique d'),2875.16,83.26,79.62,92105.0,3306.0,15524.0,5239.0,82308.0,1.0,90608710.0,6100000.0,260514538643.59998,6.732244615335546,115.0064,128.41935483870967,89.36322675207643,16.854676727647792,5.688073394495413,104205815.45743999
103,Iraq,2763.83,59.42,74.49,28019.0,442.0,18911.0,1328.0,10730.0,114.0,38660890.0,6000000.0,106852127608.7,15.51955994805086,110.55319999999999,120.14516129032258,38.2954423783861,67.49348656268961,4.739640957921411,42740851.04348
104,Irlande,3920.9,153.97,136.84,19914.0,8063.0,13021.0,204.0,14447.0,-8.0,5196630.0,129915.75,20375466567.0,2.5,156.83599999999998,220.70967741935482,72.5469518931405,65.38616049010746,1.0244049412473637,8150186.6268
105,Israël,3753.91,155.53,130.72,12969.0,1278.0,7294.0,234.0,6831.0,0.0,9256310.0,231407.75,34747354672.1,2.5,150.1564,210.83870967741936,52.67175572519084,56.24180738684556,1.8043025676613464,13898941.86884
106,Italie,3752.65,160.77,116.61,101569.0,32372.0,56568.0,1837.0,77516.0,-28.0,59499450.0,1487486.25,223280611042.5,2.5,150.106,188.08064516129033,76.31856176589314,55.69415865076943,1.8086227096850416,89312244.417
107,Côte d'Ivoire,2937.76,56.269999999999996,64.97999999999999,34289.0,4707.0,5309.0,2259.0,34421.0,1.0,31165650.0,3500000.0,91557199944.0,11.230312860472988,117.51040000000002,104.8064516129032,100.38496310770218,15.48309953629444,6.588118638630465,36622879.9776
108,Kazakhstan,3135.9,116.94,106.7,33204.0,15273.0,11136.0,1735.0,36866.0,6.0,20330100.0,508252.5,63753160590.0,2.5,125.436,172.09677419354838,111.02879171184195,33.53812793639321,5.22527406336586,25501264.236
109,Jamaïque,2892.0499999999997,88.12,91.63,3773.0,174.0,1831.0,172.0,2179.0,-2.0,2839790.0,200000.0,8212814669.499999,7.042774289648178,115.682,147.79032258064515,57.75245163000265,48.52902199840975,4.558706599522926,3285125.8677999997
112,Jordanie,2556.02,84.44,71.09,9481.0,1049.0,5799.0,212.0,4136.0,0.0,11439210.0,1500000.0,29238849544.2,13.11279362823132,102.2408,114.66129032258065,43.624090285834825,61.164434131420734,2.236051049467356,11695539.81768
113,Kirghizistan,2763.22,83.61,92.84,9392.0,424.0,1885.0,359.0,7937.0,33.0,7073520.0,300000.0,19545691934.399998,4.241169884300885,110.52879999999999,149.74193548387098,84.50809199318569,20.070272572402047,3.8224020442930153,7818276.773759999
114,Kenya,2145.9900000000002,48.58,55.760000000000005,40832.0,1941.0,7094.0,2317.0,36838.0,-8.0,55339000.0,20100000.0,118756940610.00002,36.32158152478361,85.8396,89.93548387096774,90.21845611285266,17.373628526645767,5.674471003134796,47502776.244
115,Cambodge,2642.92,34.57,64.39,26271.0,10021.0,2376.0,1701.0,34221.0,8.0,17423880.0,900000.0,46049920929.6,5.165324830060813,105.7168,103.85483870967742,130.26150508164898,9.044193216855087,6.474820143884892,18419968.37184
117,République de Corée,3430.35,126.32000000000001,110.62,67690.0,3496.0,36792.0,2018.0,33099.0,-36.0,51748740.0,1293718.5,177516290259.0,2.5,137.214,178.41935483870967,48.89791697444231,54.35367114788004,2.9812379967498894,71006516.1036
118,Koweït,3135.57,108.73,95.51,4807.0,667.0,4604.0,88.0,782.0,-75.0,4838780.0,120969.5,15172333404.6,2.5,125.42280000000001,154.0483870967742,16.267942583732058,95.77699188683171,1.8306636155606408,6068933.36184
119,Lettonie,3342.19,151.43,110.81,3528.0,6280.0,4868.0,59.0,4878.0,8.0,1882400.0,47060.0,6291338456.0,2.5,133.6876,178.72580645161293,138.26530612244898,137.98185941043084,1.6723356009070294,2516535.3824
120,République démocratique populaire lao,3188.12,42.1,81.65,16896.0,5278.0,1430.0,1351.0,21460.0,-1.0,7664990.0,700000.0,24436907918.8,9.132432005782135,127.5248,131.6935483870968,127.0123106060606,8.463541666666668,7.995975378787879,9774763.16752
121,Liban,2827.65,89.87,79.55,5898.0,412.0,2773.0,236.0,3589.0,5.0,5773490.0,700000.0,16325408998.5,12.124382306022873,113.106,128.3064516129032,60.851135978297734,47.01593760596812,4.001356391997287,6530163.5994
122,Lesotho,1872.7,42.04,50.56,1044.0,68.0,632.0,35.0,556.0,0.0,2311470.0,,4328689869.0,,74.908,81.5483870967742,53.25670498084292,60.53639846743295,3.3524904214559386,1731475.9476
123,Libéria,2135.15,44.199999999999996,45.02,3143.0,39.0,1512.0,130.0,1982.0,0.0,5493030.0,2100000.0,11728443004.5,38.23026635572717,85.406,72.61290322580646,63.0607699650016,48.10690423162583,4.136175628380529,4691377.2018
124,Libye,2867.17,111.01,86.46,7211.0,10.0,4319.0,255.0,2718.0,22.0,7305660.0,1300000.0,20946569182.2,17.794422406736697,114.6868,139.4516129032258,37.692414366939396,59.89460546387464,3.536264041048398,8378627.67288
126,Lituanie,3347.5,128.0,123.75,7843.0,8220.0,4739.0,269.0,11170.0,-54.0,2854100.0,71352.5,9554099750.0,2.5,133.9,199.59677419354838,142.41999234986613,60.42330740787963,3.4298100216753795,3821639.9
127,Îles Marshall,3322.43,161.68,118.99,125.0,48.0,31.0,2.0,144.0,0.0,38830.0,,129009956.89999999,,132.8972,191.91935483870967,115.19999999999999,24.8,1.6,51603.98276
128,Chine - RAS de Macao,2928.55,125.24000000000001,117.74,620.0,4.0,631.0,1.0,13.0,8.0,713910.0,,2090721130.5000002,,117.14200000000001,189.90322580645162,2.0967741935483875,101.7741935483871,0.16129032258064516,836288.4522
129,Madagascar,1977.96,21.85,39.53,17436.0,360.0,1475.0,1234.0,16131.0,0.0,31195930.0,12300000.0,61704301702.8,39.42822028386395,79.1184,63.75806451612903,92.51548520302822,8.459509061711401,7.077311309933471,24681720.68112
130,Malawi,2618.29,46.27,65.66,32036.0,413.0,282.0,2272.0,31659.0,4.0,21104480.0,4800000.0,55257648939.2,22.743986111005814,104.73159999999999,105.90322580645162,98.82319890123611,0.8802597078286928,7.09202147583968,22103059.57568
131,Malaisie,2926.48,100.94,93.34,144594.0,23883.0,38868.0,2134.0,129705.0,-70.0,35126300.0,878157.5,102796414424.0,2.5,117.0592,150.5483870967742,89.70289223619238,26.8807834349973,1.4758565362324854,41118565.7696
132,Maldives,2671.39,78.46000000000001,97.39,612.0,80.0,559.0,0.0,144.0,14.0,525990.0,,1405124426.1,,106.85559999999998,157.08064516129033,23.52941176470588,91.33986928104575,0.0,562049.77044
134,Malte,3406.63,127.5,105.82,775.0,70.0,679.0,11.0,151.0,6.0,532960.0,13324.0,1815597524.8,2.5,136.2652,170.6774193548387,19.483870967741936,87.61290322580645,1.4193548387096775,726239.00992
136,Mauritanie,2909.36,74.52000000000001,83.18,3357.0,974.0,2411.0,110.0,1973.0,-206.0,5022440.0,500000.0,14612086038.400002,9.955320521499509,116.37440000000001,134.16129032258067,58.77271373249926,71.82007745010426,3.276735180220435,5844834.415360001
137,Maurice,3255.5,112.46000000000001,104.95,3876.0,583.0,1394.0,145.0,3146.0,29.0,1273590.0,100000.0,4146172245.0,7.851820444570073,130.22,169.2741935483871,81.16615067079464,35.96491228070175,3.740970072239422,1658468.898
138,Mexique,3304.58,109.85,100.26,218962.0,25616.0,48954.0,8168.0,196237.0,7.0,129739760.0,4200000.0,428735416100.8,3.237249706643515,132.1832,161.70967741935485,89.62148683333182,22.35730400708799,3.73032763675889,171494166.44032
141,Mongolie,3031.06,128.73,132.08,3715.0,200.0,1125.0,103.0,2826.0,-27.0,3431930.0,85798.25,10402385745.8,2.5,121.24239999999999,213.03225806451613,76.0699865410498,30.282637954239572,2.772543741588156,4160954.2983199996
143,Maroc,3353.92,75.25,98.07000000000001,39572.0,4182.0,17011.0,2228.0,26458.0,53.0,37712500.0,2600000.0,126484708000.0,6.894265826980445,134.1568,158.17741935483872,66.86040634792278,42.987465884969176,5.630243606590519,50593883.2
144,Mozambique,2186.12,40.05,44.69,20600.0,1164.0,3201.0,1135.0,18380.0,0.0,33635160.0,7100000.0,73530495979.2,21.108863463114194,87.4448,72.08064516129032,89.2233009708738,15.538834951456309,5.509708737864077,29412198.39168
145,Micronésie (États fédérés de),2633.23,124.10000000000001,71.94,169.0,147.0,29.0,7.0,283.0,0.0,112630.0,,296580694.9,,105.32920000000001,116.03225806451614,167.45562130177512,17.159763313609467,4.142011834319527,118632.27795999999
146,République de Moldova,2991.2400000000002,86.91,93.09,5242.0,3748.0,845.0,152.0,7510.0,0.0,2567070.0,64176.75,7678722466.8,2.5,119.6496,150.1451612903226,143.26592903471956,16.119801602441814,2.8996566196108358,3071488.98672
147,Namibie,2581.13,62.699999999999996,64.17,2522.0,668.0,1526.0,116.0,1713.0,-1.0,2963090.0,600000.0,7648120491.700001,20.24913181847328,103.24520000000001,103.49999999999999,67.92228390166535,60.50753370340999,4.599524187153054,3059248.1966800005
148,Naoero,3087.3,124.84,111.1,129.0,1.0,7.0,0.0,122.0,0.0,11880.0,,36677124.0,,123.492,179.19354838709677,94.57364341085271,5.426356589147287,0.0,14670.8496
149,Népal,2919.8,62.23,81.7,32742.0,526.0,3584.0,2543.0,29679.0,1.0,29694610.0,1600000.0,86702322278.0,5.3881832426827625,116.792,131.7741935483871,90.64504306395456,10.94618532771364,7.7667827255512805,34680928.9112
150,Pays-Bas (Royaume des),3467.0,142.28,117.07,66461.0,72361.0,93507.0,1037.0,45870.0,120.0,18092520.0,452313.0,62726766840.0,2.5,138.68,188.82258064516128,69.01792028407637,140.6945426641188,1.560313567355291,25090706.736
153,Nouvelle-Calédonie,3016.38,124.14,105.72,292.0,2.0,221.0,2.0,74.0,0.0,289870.0,100000.0,874358070.6,34.49822334149791,120.65520000000001,170.51612903225805,25.34246575342466,75.68493150684932,0.684931506849315,349743.22824
154,Macédoine du Nord,3475.6,116.02000000000001,103.12,2964.0,473.0,1156.0,133.0,2273.0,0.0,1831800.0,45795.0,6366604080.0,2.5,139.024,166.3225806451613,76.68690958164642,39.00134952766532,4.487179487179487,2546641.632
155,Vanuatu,2909.0499999999997,111.64,74.63,616.0,76.0,106.0,28.0,590.0,0.0,320410.0,100000.0,932088710.4999999,31.21001217190475,116.362,120.37096774193547,95.77922077922078,17.20779220779221,4.545454545454546,372835.48419999995
156,Nouvelle-Zélande,3121.54,104.97,100.98,16550.0,16087.0,3378.0,487.0,29303.0,72.0,5172840.0,129321.0,16147226973.6,2.5,124.8616,162.8709677419355,177.05740181268882,20.410876132930515,2.942598187311178,6458890.78944
157,Nicaragua,2760.15,65.62,73.73,13350.0,2179.0,1952.0,774.0,13459.0,0.0,6823610.0,,18834187141.5,,110.406,118.91935483870968,100.81647940074907,14.621722846441948,5.797752808988764,7533674.8566
158,Niger,2654.02,59.49,92.52,18146.0,195.0,1799.0,1996.0,16783.0,1.0,26159870.0,3400000.0,69428818177.4,12.99700648359491,106.1608,149.2258064516129,92.48870274440648,9.914030640361512,10.999669348616775,27771527.27096
159,Nigéria,2470.11,62.62,57.03,244675.0,1035.0,10289.0,21009.0,234761.0,21.0,227882950.0,47500000.0,562895953624.5,20.844034185093708,98.8044,91.98387096774194,95.94809441095332,4.205170123633391,8.586492285685091,225158381.4498
162,Norvège,3475.57,137.29,125.44,13077.0,3592.0,8595.0,171.0,7745.0,5.0,5519170.0,137979.25,19182261676.9,2.5,139.0228,202.32258064516125,59.226122199281185,65.72608396421198,1.307639366827254,7672904.670760001
165,Pakistan,2513.75,86.21000000000001,73.32000000000001,249874.0,12322.0,11739.0,19197.0,256871.0,2.0,247504500.0,42100000.0,622164436875.0,17.009791741160264,100.55000000000001,118.25806451612904,102.80021130649848,4.697967775758983,7.682672066721628,248865774.75
166,Panama,3104.58,101.89,93.57,6276.0,709.0,2063.0,183.0,4958.0,-8.0,4458760.0,200000.0,13842577120.8,4.48555203688918,124.1832,150.91935483870967,78.99936265137029,32.871255576800515,2.9158699808795414,5537030.84832
167,Tchéquie,3384.27,159.04,96.05,21918.0,10348.0,10179.0,622.0,22724.0,40.0,10809720.0,270243.0,36583011104.4,2.5,135.3708,154.91935483870967,103.6773428232503,46.44128113879004,2.837850168811023,14633204.44176
168,Papouasie-Nouvelle-Guinée,2177.09,64.39,62.15,11982.0,1191.0,1392.0,659.0,11971.0,-10.0,10389640.0,3100000.0,22619181347.600002,29.837414963367355,87.0836,100.24193548387098,99.90819562677349,11.617426139208813,5.4999165414788855,9047672.539040001
169,Paraguay,3067.05,94.99,66.45,20979.0,13827.0,930.0,1658.0,31713.0,0.0,6844150.0,300000.0,20991350257.5,4.383305450640328,122.682,107.1774193548387,151.16545116545117,4.433004433004433,7.90314123647457,8396540.103
170,Pérou,2810.5,67.12,88.52000000000001,51967.0,10698.0,9681.0,4829.0,52901.0,75.0,33845620.0,2100000.0,95123115010.0,6.204643318692344,112.42000000000002,142.77419354838713,101.79729443685414,18.629130024823446,9.292435584120692,38049246.004
171,Philippines,2982.9,57.96,77.43,128828.0,6639.0,27349.0,3448.0,107801.0,38.0,114891200.0,4200000.0,342708960480.0,3.6556324592309943,119.316,124.88709677419357,83.67823765020027,21.229080634644642,2.676436799453535,137083584.192
173,Pologne,3730.13,141.11,117.73,89445.0,37171.0,20971.0,3111.0,103449.0,-18.0,38762840.0,969071.0,144590432369.2,2.5,149.2052,189.88709677419357,115.6565487170887,23.44569288389513,3.4781150427637098,57836172.947680004
174,Portugal,3552.91,141.38,126.36,21297.0,7176.0,16331.0,707.0,12976.0,145.0,10430740.0,260768.5,37059480453.4,2.5,142.1164,203.80645161290323,60.92876931023149,76.68216180682725,3.319716391980091,14823792.18136
175,Guinée-Bissau,2559.6400000000003,84.14,52.14,1583.0,93.0,422.0,86.0,1256.0,0.0,2153340.0,500000.0,5511775197.6,23.21974235373884,102.38560000000001,84.09677419354838,79.34301958307012,26.658243840808595,5.432722678458623,2204710.07904
176,Timor-Leste,2276.5,61.34,65.4,1059.0,14.0,686.0,22.0,378.0,0.0,1384290.0,200000.0,3151336185.0,14.447839686770836,91.06,105.48387096774195,35.69405099150141,64.7780925401322,2.0774315391879132,1260534.474
179,Qatar,3251.07,108.96000000000001,105.09,3364.0,17.0,2977.0,56.0,276.0,-15.0,2979080.0,,9685197615.6,,130.0428,169.5,8.204518430439952,88.49583828775268,1.6646848989298455,3874079.04624
181,Zimbabwe,2393.43,85.31,69.1,15953.0,273.0,1822.0,676.0,14430.0,3.0,16340820.0,3300000.0,39110608812.6,20.194824984303114,95.73719999999999,111.45161290322581,90.45320629348711,11.421049332413965,4.237447502037234,15644243.525039999
183,Roumanie,3648.93,137.59,112.43,34133.0,23227.0,13397.0,462.0,39763.0,61.0,19118480.0,477962.0,69761995226.4,2.5,145.9572,181.33870967741936,116.49430170216506,39.24940673248762,1.353528843055108,27904798.090559997
184,Rwanda,2404.88,36.72,57.04,10896.0,90.0,1154.0,641.0,9818.0,4.0,13954470.0,3200000.0,33558825813.600002,22.931720086825223,96.1952,92.0,90.1064610866373,10.591042584434655,5.882892804698972,13423530.32544
185,Fédération de Russie,3528.42,127.1,117.8,302773.0,60911.0,23203.0,5183.0,351246.0,-569.0,145440500.0,3636012.5,513175169010.0,2.5,141.1368,190.0,116.00968382253372,7.663497075366695,1.7118435263382137,205270067.604
188,Saint-Kitts-et-Nevis,2853.57,119.76,90.98,39.0,4.0,29.0,0.0,11.0,0.0,46760.0,,133432933.2,,114.14280000000001,146.74193548387098,28.205128205128204,74.35897435897436,0.0,53373.17328
189,Sainte-Lucie,2654.35,91.06,92.96000000000001,152.0,11.0,103.0,5.0,59.0,0.0,179280.0,,475871868.0,,106.17399999999999,149.93548387096774,38.81578947368421,67.76315789473685,3.289473684210526,190348.7472
191,Saint-Vincent-et-les Grenadines,3042.92,106.58,114.02000000000001,162.0,23.0,91.0,8.0,97.0,-1.0,101320.0,100000.0,308308654.40000004,98.69719699960521,121.7168,183.90322580645162,59.876543209876544,56.17283950617284,4.938271604938271,123323.46176000002
193,Sao Tomé-et-Principe,2279.39,66.53,54.4,154.0,8.0,47.0,11.0,115.0,0.0,230870.0,100000.0,526242769.29999995,43.31441937020834,91.17559999999999,87.74193548387098,74.67532467532467,30.519480519480517,7.142857142857142,210497.10771999997
194,Arabie saoudite,3659.85,109.02,103.77,35177.0,4281.0,26894.0,814.0,13719.0,58.0,33264290.0,831607.25,121742311756.5,2.5,146.394,167.37096774193546,38.99991471700259,76.45336441424794,2.3140119964749695,48696924.7026
195,Sénégal,2847.73,71.75,71.63,17180.0,977.0,5727.0,1152.0,13515.0,0.0,18077570.0,1000000.0,51480038416.1,5.531716928768634,113.9092,115.53225806451613,78.66705471478464,33.33527357392317,6.705471478463329,20592015.36644
196,Seychelles,2888.66,85.75,104.35,165.0,194.0,198.0,0.0,158.0,0.0,127950.0,3198.75,369604047.0,2.5,115.5464,168.3064516129032,95.75757575757575,120.0,0.0,147841.6188
197,Sierra Leone,2437.2999999999997,37.74,57.6,6814.0,38.0,1058.0,481.0,6186.0,0.0,8460510.0,2200000.0,20620801022.999996,26.003160565970607,97.49199999999999,92.90322580645162,90.78368065746992,15.526856471969474,7.058996184326387,8248320.409199999
198,Slovénie,3200.29,110.69,101.47,3240.0,3097.0,4701.0,317.0,2014.0,5.0,2118400.0,52960.0,6779494336.0,2.5,128.01160000000002,163.66129032258064,62.160493827160494,145.0925925925926,9.78395061728395,2711797.7344
199,Slovaquie,2979.94,139.38,81.29,9296.0,6274.0,6446.0,284.0,9153.0,3.0,5518050.0,,16443457917.0,,119.1976,131.11290322580646,98.46170395869191,69.34165232358004,3.055077452667814,6577383.1668
202,Afrique du Sud,2693.97,95.57000000000001,79.18,67792.0,16483.0,11291.0,2032.0,72635.0,-4.0,63212380.0,6700000.0,170292255348.59998,10.599189589127953,107.7588,127.70967741935483,107.14391078593344,16.655357564314375,2.997403823459995,68116902.13943999
203,Espagne,3377.12,152.78,117.64,105559.0,37641.0,59281.0,3100.0,83376.0,16.0,47911580.0,1197789.5,161803155049.6,2.5,135.0848,189.74193548387098,78.98521206150116,56.15911480783259,2.93674627459525,64721262.01984
207,Suriname,2539.03,69.47,68.31,640.0,90.0,274.0,35.0,445.0,1.0,628890.0,100000.0,1596770576.7,15.901031976975306,101.56120000000001,110.17741935483872,69.53125,42.8125,5.46875,638708.23068
208,Tadjikistan,2711.7000000000003,86.21,83.11,10489.0,262.0,2068.0,589.0,8575.0,2.0,10389800.0,900000.0,28174020660.000004,8.6623419122601,108.468,134.0483870967742,81.75231194584804,19.71589284011822,5.615406616455334,11269608.264000002
209,Eswatini,2573.8199999999997,57.99,58.75,6952.0,896.0,662.0,334.0,7164.0,0.0,1230510.0,200000.0,3167111248.2,16.25342337729884,102.95279999999998,94.75806451612904,103.04948216340621,9.522439585730726,4.804372842347526,1266844.4992799999
210,Suède,3366.79,146.55,112.79,18724.0,5082.0,11244.0,333.0,12835.0,12.0,10551490.0,263787.25,35524651017.1,2.5,134.6716,181.9193548387097,68.54838709677419,60.05127109591968,1.7784661397137365,14209860.40684
211,Suisse,3402.39,162.33,101.47,13754.0,1520.0,6901.0,200.0,8512.0,3.0,8870560.0,221764.0,30181104638.399998,2.5,136.09560000000002,163.66129032258064,61.88745092336775,50.17449469245311,1.4541224371092045,12072441.85536
212,République arabe syrienne,2259.32,65.45,70.56,16839.0,574.0,3645.0,658.0,13445.0,4.0,23594620.0,9000000.0,53307796858.4,38.14428882516438,90.37280000000001,113.80645161290323,79.84440881287487,21.64617851416355,3.907595462913475,21323118.74336
213,Turkménistan,2814.15,80.83,104.63,8604.0,79.0,839.0,302.0,7766.0,0.0,7364440.0,300000.0,20724638826.0,4.073629495250148,112.56600000000002,168.75806451612902,90.2603440260344,9.751278475127847,3.5099953509995347,8289855.5304
214,"Chine, Taiwan Province de",2958.38,128.4,98.73,32285.0,2126.0,21850.0,577.0,12516.0,-33.0,23317150.0,900000.0,68980990217.0,3.8598199179573833,118.3352,159.24193548387098,38.76722936348149,67.67848846213413,1.787207681585876,27592396.0868
215,République-Unie de Tanzanie,2518.29,54.410000000000004,60.43,52980.0,2559.0,2980.0,3560.0,54881.0,20.0,66617610.0,13400000.0,167762461086.9,20.114801476666607,100.73159999999999,97.46774193548387,103.58814647036618,5.624764061910155,6.719516798791997,67104984.43476
216,Thaïlande,2855.25,57.28,68.58,206999.0,60360.0,30222.0,6774.0,231461.0,70.0,71702430.0,3700000.0,204728363257.5,5.160215630069999,114.21,110.61290322580646,111.8174483934705,14.600070531741698,3.2724795771960253,81891345.303
219,Tonga,3059.02,124.09,129.26,190.0,9.0,61.0,7.0,139.0,0.0,104600.0,,319973492.0,,122.3608,208.4838709677419,73.15789473684211,32.10526315789474,3.684210526315789,127989.3968
220,Trinité-et-Tobago,2945.73,107.37,87.42999999999999,1209.0,270.0,1104.0,16.0,387.0,1.0,1502930.0,200000.0,4427225988.9,13.307339663191234,117.82920000000001,141.01612903225805,32.00992555831266,91.3151364764268,1.3234077750206783,1770890.3955599999
221,Oman,2981.34,97.47,85.64,7365.0,2224.0,6203.0,186.0,3088.0,-261.0,5049270.0,300000.0,15053590621.800001,5.941452922897765,119.2536,138.1290322580645,41.928038017651055,84.22267481330617,2.5254582484725048,6021436.2487200005
222,Tunisie,3431.5499999999997,99.95,105.04,17552.0,677.0,6266.0,807.0,10653.0,-2.0,12200430.0,400000.0,41866385566.5,3.278572968329805,137.262,169.4193548387097,60.69393801276208,35.6996353691887,4.597766636280766,16746554.2266
223,Türkiye,3892.21,141.29,119.66,184089.0,29780.0,47287.0,14606.0,174783.0,3.0,87270500.0,2181762.5,339675112805.0,2.5,155.6884,193.0,94.94483646497075,25.687031816132418,7.934205737442215,135870045.122
225,Émirats arabes unis,3125.07,125.87,96.72,15262.0,10234.0,21669.0,603.0,2167.0,-731.0,10642080.0,266052.0,33257244945.600002,2.5,125.00280000000001,156.0,14.198663346874591,141.9800812475429,3.9509893854016513,13302897.97824
226,Ouganda,2377.68,52.379999999999995,56.37,40107.0,2161.0,2454.0,1036.0,39765.0,0.0,48656600.0,10500000.0,115689824687.99998,21.579806233892214,95.10719999999999,90.91935483870968,99.14728102326276,6.118632657640811,2.583090233625053,46275929.875199996
227,Tuvalu,3300.9,116.98,103.1,32.0,12.0,7.0,0.0,35.0,0.0,9820.0,,32414838.0,,132.036,166.29032258064515,109.375,21.875,0.0,12965.9352
229,Royaume-Uni de Grande-Bretagne et d'Irlande du Nord,3434.62,143.68,110.03,110333.0,14980.0,58458.0,1395.0,69099.0,-1.0,68682960.0,1717074.0,235899868075.19998,2.5,137.38479999999998,177.46774193548387,62.62768165462735,52.98324164121342,1.2643542729736343,94359947.23008
230,Ukraine,2785.77,78.38,90.52,92338.0,62250.0,3808.0,4842.0,150443.0,29.0,37732840.0,3500000.0,105115013686.8,9.27573964747949,111.4308,146.0,162.926422491282,4.123979293465312,5.243778292793866,42046005.47472
231,États-Unis d'Amérique,3947.32,183.82,123.12,923627.0,177171.0,147744.0,32066.0,969277.0,70.0,343477340.0,8586933.5,1355814973728.8,2.5,157.89280000000002,198.58064516129033,104.94247136560537,15.996067676670345,3.4717477942935835,542325989.49152
233,Burkina Faso,2790.86,64.08,92.53999999999999,16188.0,573.0,3082.0,868.0,14533.0,1.0,23025780.0,2800000.0,64261728370.8,12.16028295241247,111.6344,149.25806451612902,89.77637756362738,19.03879416851989,5.361996540647393,25704691.34832
234,Uruguay,3322.72,122.65,104.49,7038.0,6186.0,3096.0,455.0,10116.0,8.0,3388080.0,84702.0,11257641177.599998,2.5,132.90879999999999,168.53225806451613,143.73401534526855,43.98976982097187,6.464904802500711,4503056.471039999
235,Ouzbékistan,3297.27,105.54,111.37,50972.0,4571.0,8648.0,1529.0,47478.0,0.0,35652310.0,891307.75,117555292193.7,2.5,131.89079999999998,179.6290322580645,93.14525621910067,16.96617750922075,2.9996861021737424,47022116.87748
236,Venezuela (République bolivarienne du),2800.36,97.58,73.61,26864.0,176.0,5641.0,1058.0,21227.0,0.0,28300850.0,1600000.0,79252568306.0,5.653540441364836,112.01440000000001,118.7258064516129,79.01652769505658,20.998362120309707,3.9383561643835616,31701027.3224
237,Viet Nam,3086.08,73.74000000000001,102.21,139145.0,29815.0,39504.0,9243.0,132251.0,311.0,100352190.0,6100000.0,309694886515.2,6.07859180751312,123.44319999999999,164.8548387096774,95.04545617880628,28.39052786661396,6.642710841208811,123877954.60608001
238,Éthiopie,2558.42,43.93,79.87,56871.0,1164.0,3173.0,2626.0,52894.0,12.0,128691690.0,26500000.0,329247393529.8,20.59185018084695,102.33680000000001,128.8225806451613,93.0069807107313,5.579293488772836,4.617467602117072,131698957.41192
244,Samoa,3116.48,111.03999999999999,105.28999999999999,265.0,8.0,102.0,10.0,165.0,1.0,216660.0,100000.0,675216556.8,46.15526631588664,124.6592,169.82258064516128,62.264150943396224,38.49056603773585,3.7735849056603774,270086.62272
249,Yémen,1810.56,49.160000000000004,44.97,11736.0,270.0,7672.0,316.0,4037.0,36.0,39390800.0,,71319406848.0,,72.4224,72.53225806451613,34.39843217450579,65.37150647580096,2.692569870483981,28527762.7392
250,République démocratique du Congo,2014.78,20.35,27.74,73734.0,67.0,7691.0,5007.0,66458.0,5.0,105789730.0,41600000.0,213143032209.4,39.323287808750436,80.5912,44.74193548387097,90.1320964548241,10.430737515935661,6.79062576287737,85257212.88375999
251,Zambie,2169.7599999999998,48.47,48.25,16405.0,2639.0,700.0,794.0,17834.0,-1.0,20723970.0,8000000.0,44966041147.2,38.60264225435571,86.79039999999999,77.82258064516128,108.71075891496496,4.266991770801585,4.839987808594941,17986416.45888
255,Belgique,3921.33,170.09,120.32000000000001,36278.0,38581.0,49455.0,733.0,26581.0,89.0,11712890.0,292822.25,45930106943.7,2.5,156.85320000000002,194.06451612903226,73.27030156017422,136.3222889905728,2.020508297039528,18372042.77748
256,Luxembourg,3521.8,130.3,122.55,1121.0,1421.0,1847.0,6.0,732.0,-1.0,665100.0,16627.5,2342349180.0,2.5,140.87199999999999,197.66129032258064,65.29884032114184,164.76360392506692,0.535236396074933,936939.672
272,Serbie,3878.87,113.92,135.56,17038.0,4280.0,2414.0,501.0,20871.0,1.0,6773200.0,169330.0,26272362284.0,2.5,155.1548,218.6451612903226,122.49677192158703,14.168329616152132,2.940485972531987,10508944.9136
273,Monténégro,3669.48,143.65,134.47,1122.0,34.0,818.0,20.0,348.0,0.0,633550.0,15838.75,2324799054.0,2.5,146.7792,216.88709677419357,31.016042780748666,72.90552584670232,1.7825311942959003,929919.6216
351,Chine,3513.92,100.89,130.97,2563223.0,49744.0,339706.0,126831.0,2280104.0,-150.0,1454058720.0,36351468.0,5109446017382.4,2.5,140.55679999999998,211.24193548387095,88.95457008617666,13.253080204102414,4.94810634892087,2043778406.9529603
